Variantas;E;R;L_mH;C_nF;f0_Hz
LD10-V01;5;922.53;10;47;7341.3
LD10-V02;5;1263.23;12;47;6701.6
LD10-V03;5;1694.80;15;47;5994.1
LD10-V04;5;2165.98;18;47;5471.9
LD10-V05;5;1368.33;22;47;4949.5
LD10-V06;5;1894.84;27;47;4467.8
LD10-V07;5;2513.79;33;47;4041.2
LD10-V08;5;3188.24;39;47;3717.4
LD10-V09;5;1056.44;10;56;6725.5
LD10-V10;5;1388.73;12;56;6139.5
LD10-V11;5;1811.42;15;56;5491.4
LD10-V12;5;1133.89;18;56;5012.9
LD10-V13;5;1566.96;22;56;4534.3
LD10-V14;5;2083.10;27;56;4093.0
LD10-V15;5;2686.77;33;56;3702.3
LD10-V16;5;1669.05;39;56;3405.6
LD10-V17;5;1150.45;10;68;6103.3
LD10-V18;5;1470.29;12;68;5571.5
LD10-V19;5;939.34;15;68;4983.3
LD10-V20;5;1286.24;18;68;4549.1
LD10-V21;5;1706.39;22;68;4114.9
LD10-V22;5;2205.44;27;68;3714.4
LD10-V23;5;1393.26;33;68;3359.8
LD10-V24;5;1893.29;39;68;3090.5
LD10-V25;5;1222.25;10;82;5557.9
LD10-V26;5;765.09;12;82;5073.7
LD10-V27;5;1069.25;15;82;4538.0
LD10-V28;5;1405.56;18;82;4142.6
LD10-V29;5;1812.89;22;82;3747.2
LD10-V30;5;1147.64;27;82;3382.4
LD10-V31;5;1585.95;33;82;3059.5
LD10-V32;5;2068.93;39;82;2814.4
LD10-V33;5;632.46;10;100;5032.9
LD10-V34;5;866.03;12;100;4594.4
LD10-V35;5;1161.90;15;100;4109.4
LD10-V36;5;1484.92;18;100;3751.3
LD10-V37;5;938.08;22;100;3393.2
LD10-V38;5;1299.04;27;100;3062.9
LD10-V39;5;1723.37;33;100;2770.5
LD10-V40;5;2185.75;39;100;2548.5
LD10-V41;5;721.69;10;120;4594.4
LD10-V42;5;948.68;12;120;4194.1
LD10-V43;5;1237.44;15;120;3751.3
LD10-V44;5;774.60;18;120;3424.5
LD10-V45;5;1070.44;22;120;3097.5
LD10-V46;5;1423.02;27;120;2796.1
LD10-V47;5;1835.42;33;120;2529.1
LD10-V48;5;1140.18;39;120;2326.5
LD10-V49;5;774.60;10;150;4109.4
LD10-V50;5;989.95;12;150;3751.3
LD10-V51;5;632.46;15;150;3355.3
LD10-V52;5;866.03;18;150;3062.9
LD10-V53;5;1148.91;22;150;2770.5
LD10-V54;5;1484.92;27;150;2500.9
LD10-V55;5;938.08;33;150;2262.1
LD10-V56;5;1274.75;39;150;2080.9
LD10-V57;5;824.96;10;180;3751.3
LD10-V58;5;516.40;12;180;3424.5
LD10-V59;5;721.69;15;180;3062.9
LD10-V60;5;948.68;18;180;2796.1
LD10-V61;5;1223.61;22;180;2529.1
LD10-V62;5;774.60;27;180;2283.0
LD10-V63;5;1070.44;33;180;2065.0
LD10-V64;5;1396.42;39;180;1899.6
